the shawshank redemption,tim robbins,morgan freeman,bob gunton,william sadler,clancy brown,gil bellows,mark rolston,james whitmore
the godfather,marlon brando,al pacino,james caan,richard s. castellano,robert duvall,sterling hayden,john marley,richard conte
the godfather: part ii,al pacino,robert duvall,diane keaton,robert de niro,john cazale,talia shire,lee strasberg,michael v. gazzo
the dark knight,christian bale,heath ledger,aaron eckhart,michael caine,maggie gyllenhaal,gary oldman,morgan freeman,monique gabriela curnen
12 angry men,martin balsam,john fiedler,lee j. cobb,e.g. marshall,jack klugman,edward binns,jack warden,henry fonda
schindler's list,liam neeson,ben kingsley,ralph fiennes,caroline goodall,jonathan sagall,embeth davidtz,malgorzata gebel,shmuel levy
the lord of the rings: the return of the king,noel appleby,ali astin,sean astin,david aston,john bach,sean bean,cate blanchett,orlando bloom
pulp fiction,tim roth,amanda plummer,laura lovelace,john travolta,samuel l. jackson,phil lamarr,frank whaley,burr steers
"the good, the bad and the ugly",eli wallach,clint eastwood,lee van cleef,aldo giuffrè,luigi pistilli,rada rassimov,enzo petito,claudio scarchilli
the lord of the rings: the fellowship of the ring,alan howard,noel appleby,sean astin,sala baker,sean bean,cate blanchett,orlando bloom,billy boyd
fight club,edward norton,brad pitt,meat loaf,zach grenier,richmond arquette,david andrews,george maguire,eugenie bondurant
forrest gump,tom hanks,rebecca williams,sally field,michael conner humphreys,harold g. herthum,george kelly,bob penny,john randall
inception,leonardo dicaprio,joseph gordon-levitt,elliot page,tom hardy,ken watanabe,dileep rao,cillian murphy,tom berenger
the lord of the rings: the two towers,bruce allpress,sean astin,john bach,sala baker,cate blanchett,orlando bloom,billy boyd,jed brophy
star wars: episode v - the empire strikes back,mark hamill,harrison ford,carrie fisher,billy dee williams,anthony daniels,david prowse,peter mayhew,kenny baker
the matrix,keanu reeves,laurence fishburne,carrie-anne moss,hugo weaving,gloria foster,joe pantoliano,marcus chong,julian arahanga
goodfellas,robert de niro,ray liotta,joe pesci,lorraine bracco,paul sorvino,frank sivero,tony darrow,mike starr
one flew over the cuckoo's nest,michael berryman,peter brocco,dean r. brooks,alonzo brown,scatman crothers,mwako cumbuka,danny devito,william duell
seven samurai,toshirô mifune,takashi shimura,keiko tsushima,yukiko shimazaki,kamatari fujiwara,daisuke katô,isao kimura,minoru chiaki
se7en,morgan freeman,andrew kevin walker,daniel zacapa,brad pitt,gwyneth paltrow,john cassini,bob mack,peter crombie
the silence of the lambs,jodie foster,lawrence a. bonney,kasi lemmons,lawrence t. wrentz,scott glenn,anthony heald,frankie faison,don brockett
city of god,alexandre rodrigues,leandro firmino,phellipe haagensen,douglas silva,jonathan haagensen,matheus nachtergaele,seu jorge,jefechander suplino
life is beautiful,roberto benigni,nicoletta braschi,giorgio cantarini,giustino durano,sergio bini bustric,marisa paredes,horst buchholz,lidia alfonsi
it's a wonderful life,james stewart,donna reed,lionel barrymore,thomas mitchell,henry travers,beulah bondi,frank faylen,ward bond
saving private ryan,tom hanks,tom sizemore,edward burns,barry pepper,adam goldberg,vin diesel,giovanni ribisi,jeremy davies
star wars: episode iv - a new hope,mark hamill,harrison ford,carrie fisher,peter cushing,alec guinness,anthony daniels,kenny baker,peter mayhew
interstellar,ellen burstyn,matthew mcconaughey,mackenzie foy,john lithgow,timothée chalamet,david oyelowo,collette wolfe,francis x. mccarthy
spirited away,rumi hiiragi,miyu irino,mari natsuki,takashi naitô,yasuko sawaguchi,tatsuya gashûin,ryûnosuke kamiki,yumi tamai
the green mile,tom hanks,david morse,bonnie hunt,michael clarke duncan,james cromwell,michael jeter,graham greene,doug hutchison
spider-man: no way home,tom holland,zendaya,benedict cumberbatch,jacob batalon,jon favreau,jamie foxx,willem dafoe,alfred molina
parasite,kang-ho song,sun-kyun lee,yeo-jeong cho,woo-sik choi,so-dam park,lee jeong-eun,jang hye-jin,park myeong-hoon
léon: the professional,jean reno,gary oldman,natalie portman,danny aiello,peter appel,willi one blood,don creech,keith a. glascoe
hara-kiri,tatsuya nakadai,akira ishihama,shima iwashita,tetsurô tanba,masao mishima,ichirô nakatani,kei satô,yoshio inaba
the pianist,adrien brody,emilia fox,michal zebrowski,ed stoppard,maureen lipman,frank finlay,jessica kate meyer,julia rayner
terminator 2: judgment day,arnold schwarzenegger,linda hamilton,edward furlong,robert patrick,earl boen,joe morton,s. epatha merkerson,castulo guerra
back to the future,michael j. fox,christopher lloyd,lea thompson,crispin glover,tom wilson,claudia wells,marc mcclure,wendie jo sperber
the usual suspects,stephen baldwin,gabriel byrne,benicio del toro,kevin pollak,kevin spacey,chazz palminteri,pete postlethwaite,suzy amis
the lion king,rowan atkinson,matthew broderick,niketa calame-harris,jim cummings,whoopi goldberg,robert guillaume,jeremy irons,james earl jones
psycho,anthony perkins,vera miles,john gavin,janet leigh,martin balsam,john mcintire,simon oakland,frank albertson
modern times,charles chaplin,paulette goddard,henry bergman,tiny sandford,chester conklin,hank mann,stanley blystone,al ernest garcia
grave of the fireflies,tsutomu tatsumi,ayano shiraishi,yoshiko shinohara,akemi yamaguchi,kôzô hashida,masayo sakai,kazumi nozaki,yoshio matsuoka
american history x,edward norton,edward furlong,beverly d'angelo,jennifer lien,ethan suplee,fairuza balk,avery brooks,elliott gould
whiplash,miles teller,j.k. simmons,paul reiser,melissa benoist,austin stowell,nate lang,chris mulkey,damon gupton
gladiator,russell crowe,joaquin phoenix,connie nielsen,oliver reed,richard harris,derek jacobi,djimon hounsou,david schofield
the departed,leonardo dicaprio,matt damon,jack nicholson,mark wahlberg,martin sheen,ray winstone,vera farmiga,anthony anderson
city lights,virginia cherrill,florence lee,harry myers,al ernest garcia,hank mann,charles chaplin,johnny aber,jack alexander
the intouchables,françois cluzet,omar sy,anne le ny,audrey fleurot,joséphine de meaux,clotilde mollet,alba gaïa bellugi,cyril mendy
the prestige,hugh jackman,christian bale,michael caine,piper perabo,rebecca hall,scarlett johansson,samantha mahurin,david bowie
casablanca,humphrey bogart,ingrid bergman,paul henreid,claude rains,conrad veidt,sydney greenstreet,peter lorre,s.z. sakall
once upon a time in the west,claudia cardinale,henry fonda,jason robards,charles bronson,gabriele ferzetti,paolo stoppa,woody strode,jack elam
rear window,james stewart,grace kelly,wendell corey,thelma ritter,raymond burr,judith evelyn,ross bagdasarian,georgine darcy
cinema paradiso,antonella attili,enzo cannavale,isa danieli,leo gullotta,marco leonardi,pupella maggio,agnese nano,leopoldo trieste
alien,tom skerritt,sigourney weaver,veronica cartwright,harry dean stanton,john hurt,ian holm,yaphet kotto,bolaji badejo
apocalypse now,marlon brando,martin sheen,robert duvall,frederic forrest,sam bottoms,laurence fishburne,albert hall,harrison ford
memento,guy pearce,carrie-anne moss,joe pantoliano,mark boone junior,russ fega,jorja fox,stephen tobolowsky,harriet sansom harris
indiana jones and the raiders of the lost ark,harrison ford,karen allen,paul freeman,ronald lacey,john rhys-davies,denholm elliott,alfred molina,wolf kahler
the great dictator,charles chaplin,jack oakie,reginald gardiner,henry daniell,billy gilbert,grace hayle,carter dehaven,paulette goddard
django unchained,jamie foxx,christoph waltz,leonardo dicaprio,kerry washington,samuel l. jackson,walton goggins,dennis christopher,james remar
the lives of others,martina gedeck,ulrich mühe,sebastian koch,ulrich tukur,thomas thieme,hans-uwe bauer,volkmar kleinert,matthias brenner
paths of glory,kirk douglas,ralph meeker,adolphe menjou,george macready,wayne morris,richard anderson,joe turkel,christiane kubrick
sunset blvd.,william holden,gloria swanson,erich von stroheim,nancy olson,fred clark,lloyd gough,jack webb,franklyn farnum
wall·e,ben burtt,elissa knight,jeff garlin,fred willard,macintalk,john ratzenberger,kathy najimy,sigourney weaver
avengers: infinity war,robert downey jr.,chris hemsworth,mark ruffalo,chris evans,scarlett johansson,don cheadle,benedict cumberbatch,tom holland
witness for the prosecution,tyrone power,marlene dietrich,charles laughton,elsa lanchester,john williams,henry daniell,ian wolfe,torin thatcher
spider-man: into the spider-verse,shameik moore,jake johnson,hailee steinfeld,mahershala ali,brian tyree henry,lily tomlin,luna lauren velez,zoë kravitz
the shining,jack nicholson,shelley duvall,danny lloyd,scatman crothers,barry nelson,philip stone,joe turkel,anne jackson
dr. strangelove or: how i learned to stop worrying and love the bomb,peter sellers,george c. scott,sterling hayden,keenan wynn,slim pickens,peter bull,james earl jones,tracy reed
princess mononoke,billy crudup,billy bob thornton,minnie driver,john dimaggio,claire danes,john demita,jada pinkett smith,gillian anderson
oldboy,choi min-sik,yoo ji-tae,kang hye-jeong,kim byeong-ok,dae-han ji,dal-su oh,seung-shin lee,jin-seo yoon
joker,joaquin phoenix,robert de niro,zazie beetz,frances conroy,brett cullen,shea whigham,bill camp,glenn fleshler
your name.,ryûnosuke kamiki,mone kamishiraishi,ryô narita,aoi yûki,nobunaga shimazaki,kaito ishikawa,kanon tani,masaki terasoma
coco,anthony gonzalez,gael garcía bernal,benjamin bratt,alanna ubach,renee victor,jaime camil,alfonso arau,herbert siguenza
the dark knight rises,christian bale,gary oldman,tom hardy,joseph gordon-levitt,anne hathaway,marion cotillard,morgan freeman,michael caine
aliens,sigourney weaver,carrie henn,michael biehn,paul reiser,lance henriksen,bill paxton,william hope,jenette goldstein
once upon a time in america,robert de niro,james woods,elizabeth mcgovern,treat williams,tuesday weld,burt young,joe pesci,danny aiello
avengers: endgame,robert downey jr.,chris evans,mark ruffalo,chris hemsworth,scarlett johansson,jeremy renner,don cheadle,paul rudd
capernaum,zain al rafeea,yordanos shiferaw,boluwatife treasure bankole,kawsar al haddad,fadi yousef,cedra izzam,alaa chouchnieh,elias khoury
das boot,jürgen prochnow,herbert grönemeyer,klaus wennemann,hubertus bengsch,martin semmelrogge,bernd tauber,erwin leder,martin may
high and low,toshirô mifune,tatsuya nakadai,kyôko kagawa,tatsuya mihashi,isao kimura,kenjirô ishiyama,takeshi katô,takashi shimura
3 idiots,aamir khan,madhavan,sharman joshi,kareena kapoor,boman irani,omi vaidya,mona singh,olivier lafont
toy story,tom hanks,tim allen,don rickles,jim varney,wallace shawn,john ratzenberger,annie potts,john morris
amadeus,f. murray abraham,tom hulce,elizabeth berridge,roy dotrice,simon callow,christine ebersole,jeffrey jones,charles kay
american beauty,kevin spacey,annette bening,thora birch,wes bentley,mena suvari,peter gallagher,allison janney,chris cooper
braveheart,james robinson,sean lawlor,sandy nelson,james cosmo,sean mcginley,alan tall,andrew weir,gerda stevenson
inglourious basterds,brad pitt,mélanie laurent,christoph waltz,eli roth,michael fassbender,diane kruger,daniel brühl,til schweiger
good will hunting,matt damon,ben affleck,stellan skarsgård,john mighton,rachel majorowski,colleen mccauley,casey affleck,cole hauser
hamilton,daveed diggs,renée elise goldsberry,jonathan groff,chris jackson,jasmine cephas jones,lin-manuel miranda,leslie odom jr.,okieriete onaodowan
come and see,aleksey kravchenko,olga mironova,liubomiras laucevicius,vladas bagdonas,jüri lumiste,viktors lorencs,kazimir rabetsky,evgeniy tilicheev
star wars: episode vi - return of the jedi,mark hamill,harrison ford,carrie fisher,billy dee williams,anthony daniels,peter mayhew,sebastian shaw,ian mcdiarmid
2001: a space odyssey,keir dullea,gary lockwood,william sylvester,daniel richter,leonard rossiter,margaret tyzack,robert beatty,sean sullivan
reservoir dogs,harvey keitel,tim roth,michael madsen,chris penn,steve buscemi,lawrence tierney,randy brooks,kirk baltz
like stars on earth,darsheel safary,aamir khan,tisca chopra,vipin sharma,sachet engineer,tanay chheda,lalitha lajmi,girija oak
vertigo,james stewart,kim novak,barbara bel geddes,tom helmore,henry jones,raymond bailey,ellen corby,konstantin shayne
m,peter lorre,ellen widmann,inge landgut,otto wernicke,theodor loos,gustaf gründgens,friedrich gnaß,fritz odemar
the hunt,betty gilpin,hilary swank,ike barinholtz,wayne duvall,ethan suplee,emma roberts,christopher berry,sturgill simpson
citizen kane,joseph cotten,dorothy comingore,agnes moorehead,ruth warrick,ray collins,erskine sanford,everett sloane,william alland
singin' in the rain,gene kelly,donald o'connor,debbie reynolds,jean hagen,millard mitchell,cyd charisse,douglas fowley,rita moreno
requiem for a dream,ellen burstyn,jared leto,jennifer connelly,marlon wayans,christopher mcdonald,louise lasser,marcia jean kurtz,janet sarno
north by northwest,cary grant,eva marie saint,james mason,jessie royce landis,leo g. carroll,josephine hutchinson,philip ober,martin landau
ikiru,takashi shimura,shin'ichi himori,haruo tanaka,minoru chiaki,miki odagiri,bokuzen hidari,minosuke yamada,kamatari fujiwara
eternal sunshine of the spotless mind,jim carrey,kate winslet,gerry robert byrne,elijah wood,thomas jay ryan,mark ruffalo,jane adams,david cross
bicycle thieves,lamberto maggiorani,enzo staiola,lianella carell,elena altieri,gino saltamerenda,giulio chiari,vittorio antonucci,michele sakara
lawrence of arabia,peter o'toole,alec guinness,anthony quinn,jack hawkins,omar sharif,josé ferrer,anthony quayle,claude rains
the kid,jake schur,leila george,chris pratt,dane dehaan,ethan hawke,charlie chappell,clint obenchain,chris bylsma
full metal jacket,matthew modine,adam baldwin,vincent d'onofrio,r. lee ermey,dorian harewood,kevyn major howard,arliss howard,ed o'ross
incendies,mustafa kamel,hussein sami,rémy girard,mélissa désormeaux-poulin,maxim gaudette,dominique briand,lubna azabal,frédéric paquet
dangal,aamir khan,fatima sana shaikh,sanya malhotra,sakshi tanwar,aparshakti khurana,zaira wasim,suhani bhatnagar,ritvik sahore
the apartment,jack lemmon,shirley maclaine,fred macmurray,ray walston,jack kruschen,david lewis,hope holiday,joan shawlee
double indemnity,fred macmurray,barbara stanwyck,edward g. robinson,porter hall,jean heather,tom powers,byron barr,richard gaines
metropolis,alfred abel,gustav fröhlich,rudolf klein-rogge,fritz rasp,theodor loos,erwin biswanger,heinrich george,brigitte helm
a clockwork orange,malcolm mcdowell,patrick magee,michael bates,warren clarke,john clive,adrienne corri,carl duering,paul farrell
taxi driver,diahnne abbott,frank adu,victor argo,gino ardito,garth avery,peter boyle,albert brooks,harry cohn
the father,olivia colman,anthony hopkins,mark gatiss,olivia williams,imogen poots,rufus sewell,ayesha dharker,roman zeller
the sting,paul newman,robert redford,robert shaw,charles durning,ray walston,eileen brennan,harold gould,john heffernan
a separation,payman maadi,leila hatami,sareh bayat,shahab hosseini,sarina farhadi,merila zare'i,ali-asghar shahbazi,babak karimi
scarface,al pacino,steven bauer,michelle pfeiffer,mary elizabeth mastrantonio,robert loggia,miriam colon,f. murray abraham,paul shenar
snatch,ade,william beck,andy beckwith,ewen bremner,jason buckham,mickey cantwell,nicola collins,teena collins
1917,dean-charles chapman,george mackay,daniel mays,colin firth,pip carter,andy apollo,paul tinto,josef davies
amélie,audrey tautou,mathieu kassovitz,rufus,lorella cravotta,serge merlin,jamel debbouze,clotilde mollet,claire maurier
to kill a mockingbird,gregory peck,john megna,frank overton,rosemary murphy,ruth white,brock peters,estelle evans,paul fix
toy story 3,tom hanks,tim allen,joan cusack,ned beatty,don rickles,michael keaton,wallace shawn,john ratzenberger
for a few dollars more,clint eastwood,lee van cleef,gian maria volontè,mara krupp,luigi pistilli,klaus kinski,luis rodríguez,benito stefanelli
up,edward asner,christopher plummer,jordan nagai,bob peterson,delroy lindo,jerome ranft,john ratzenberger,david kaye
pather panchali,kanu bannerjee,karuna bannerjee,chunibala devi,uma das gupta,subir banerjee,runki banerjee,reba devi,aparna devi
indiana jones and the last crusade,harrison ford,sean connery,denholm elliott,alison doody,john rhys-davies,julian glover,river phoenix,michael byrne
heat,al pacino,robert de niro,val kilmer,jon voight,tom sizemore,diane venora,amy brenneman,ashley judd
l.a. confidential,kevin spacey,russell crowe,guy pearce,james cromwell,kim basinger,danny devito,david strathairn,ron rifkin
ran,tatsuya nakadai,akira terao,jinpachi nezu,daisuke ryû,mieko harada,yoshiko miyazaki,hisashi igawa,pîtâ
die hard,bruce willis,bonnie bedelia,reginald veljohnson,paul gleason,de'voreaux white,william atherton,hart bochner,james shigeta
yojimbo,toshirô mifune,tatsuya nakadai,yôko tsukasa,isuzu yamada,daisuke katô,seizaburô kawazu,takashi shimura,hiroshi tachikawa
green book,viggo mortensen,mahershala ali,linda cardellini,sebastian maniscalco,dimiter d. marinov,mike hatton,p.j. byrne,joe cortese
rashomon,toshirô mifune,machiko kyô,masayuki mori,takashi shimura,minoru chiaki,kichijirô ueda,noriko honma,daisuke katô
downfall,bruno ganz,alexandra maria lara,corinna harfouch,ulrich matthes,juliane köhler,heino ferch,christian berkel,matthias habich
all about eve,bette davis,anne baxter,george sanders,celeste holm,gary merrill,hugh marlowe,gregory ratoff,barbara bates
monty python and the holy grail,graham chapman,john cleese,eric idle,terry gilliam,terry jones,michael palin,connie booth,carol cleveland
some like it hot,marilyn monroe,tony curtis,jack lemmon,george raft,pat o'brien,joe e. brown,nehemiah persoff,joan shawlee
batman begins,christian bale,michael caine,liam neeson,katie holmes,gary oldman,cillian murphy,tom wilkinson,rutger hauer
jai bhim,suriya,lijo mol jose,manikandan,rajisha vijayan,prakash raj,rao ramesh,guru somasundaram,m.s. bhaskar
the unforgivable,sandra bullock,viola davis,vincent d'onofrio,jon bernthal,richard thomas,linda emond,aisling franciosi,emma nelson
children of heaven,mohammad amir naji,amir farrokh hashemian,bahare seddiqi,nafise jafar-mohammadi,fereshte sarabandi,kamal mirkarimi,behzad rafi,dariush mokhtari
howl's moving castle,chieko baishô,takuya kimura,akihiro miwa,tatsuya gashûin,ryûnosuke kamiki,mitsunori isaki,yô ôizumi,akio ôtsuka
the wolf of wall street,leonardo dicaprio,jonah hill,margot robbie,matthew mcconaughey,kyle chandler,rob reiner,jon bernthal,jon favreau
judgment at nuremberg,spencer tracy,burt lancaster,richard widmark,marlene dietrich,maximilian schell,judy garland,montgomery clift,william shatner
there will be blood,daniel day-lewis,martin stringer,matthew braden stringer,jacob stringer,joseph mussey,barry del sherman,harrison taylor,stockton taylor
casino,robert de niro,sharon stone,joe pesci,james woods,don rickles,alan king,kevin pollak,l.q. jones
the great escape,steve mcqueen,james garner,richard attenborough,james donald,charles bronson,donald pleasence,james coburn,hannes messemer
the treasure of the sierra madre,humphrey bogart,walter huston,tim holt,bruce bennett,barton maclane,alfonso bedoya,arturo soto rangel,manuel dondé
pan's labyrinth,ivana baquero,sergi lópez,maribel verdú,doug jones,ariadna gil,álex angulo,manolo solo,césar vea
a beautiful mind,russell crowe,ed harris,jennifer connelly,christopher plummer,paul bettany,adam goldberg,josh lucas,anthony rapp
the secret in their eyes,soledad villamil,ricardo darín,carla quevedo,pablo rago,javier godino,bárbara palladino,rudy romano,alejandro abelenda
raging bull,robert de niro,cathy moriarty,joe pesci,frank vincent,nicholas colasanto,theresa saldana,mario gallo,frank adonis
chinatown,jack nicholson,faye dunaway,john huston,perry lopez,john hillerman,darrell zwerling,diane ladd,roy jenson
my neighbor totoro,noriko hidaka,chika sakamoto,shigesato itoi,sumi shimamoto,tanie kitabayashi,hitoshi takagi,yûko maruyama,machiko washio
shutter island,leonardo dicaprio,mark ruffalo,ben kingsley,max von sydow,michelle williams,emily mortimer,patricia clarkson,jackie earle haley
"lock, stock and two smoking barrels",jason flemyng,dexter fletcher,nick moran,jason statham,steven mackintosh,nicholas rowe,nick marcq,charles forbes
no country for old men,tommy lee jones,javier bardem,josh brolin,woody harrelson,kelly macdonald,garret dillahunt,tess harper,barry corbin
klaus,jason schwartzman,j.k. simmons,rashida jones,will sasso,neda margrethe labba,sergio pablos,norm macdonald,joan cusack
a perfect murder,michael douglas,gwyneth paltrow,viggo mortensen,david suchet,sarita choudhury,michael p. moran,novella nelson,constance towers
the thing,kurt russell,wilford brimley,t.k. carter,david clennon,keith david,richard dysart,charles hallahan,peter maloney
the gold rush,charles chaplin,mack swain,tom murray,henry bergman,malcolm waite,georgia hale,jack adams,frank aderias
"three billboards outside ebbing, missouri",frances mcdormand,caleb landry jones,kerry condon,sam rockwell,alejandro barrios,jason ledford,darrell britt-gibson,woody harrelson
the seventh seal,gunnar björnstrand,bengt ekerot,nils poppe,max von sydow,bibi andersson,inga gill,maud hansson,inga landgré
the elephant man,anthony hopkins,john hurt,anne bancroft,john gielgud,wendy hiller,freddie jones,michael elphick,hannah gordon
the sixth sense,bruce willis,haley joel osment,toni collette,olivia williams,trevor morgan,donnie wahlberg,peter anthony tambakis,jeffrey zubernis
dersu uzala,yuriy solomin,maksim munzuk,mikhail bychkov,vladimir khrulyov,v. lastochkin,stanislav marin,igor sykhra,vladimir sergiyakov
jurassic park,sam neill,laura dern,jeff goldblum,richard attenborough,bob peck,martin ferrero,bd wong,joseph mazzello
the truman show,jim carrey,laura linney,noah emmerich,natascha mcelhone,holland taylor,brian delate,blair slater,peter krause
wild strawberries,victor sjöström,bibi andersson,ingrid thulin,gunnar björnstrand,jullan kindahl,folke sundquist,björn bjelfvenstam,naima wifstrand
the third man,joseph cotten,alida valli,orson welles,trevor howard,paul hörbiger,ernst deutsch,erich ponto,siegfried breuer
memories of murder,kang-ho song,kim sang-kyung,roe-ha kim,jae-ho song,byun hee-bong,seo-hie ko,tae-ho ryu,no-shik park
v for vendetta,natalie portman,hugo weaving,stephen rea,stephen fry,john hurt,tim pigott-smith,rupert graves,roger allam
blade runner,harrison ford,rutger hauer,sean young,edward james olmos,m. emmet walsh,daryl hannah,william sanderson,brion james
trainspotting,ewan mcgregor,ewen bremner,jonny lee miller,kevin mckidd,robert carlyle,kelly macdonald,peter mullan,james cosmo
fargo,allison tolman,billy bob thornton,colin hanks,martin freeman,russell harvard,bokeem woodbine,brad mann,kirsten dunst
the bridge on the river kwai,william holden,alec guinness,jack hawkins,sessue hayakawa,james donald,geoffrey horne,andré morell,peter williams
inside out,amy poehler,phyllis smith,richard kind,bill hader,lewis black,mindy kaling,kaitlyn dias,diane lane
finding nemo,albert brooks,ellen degeneres,alexander gould,willem dafoe,brad garrett,allison janney,austin pendleton,stephen root
kill bill: vol. 1,uma thurman,lucy liu,vivica a. fox,daryl hannah,david carradine,michael madsen,julie dreyfus,chiaki kuriyama
warrior,joel edgerton,tom hardy,nick nolte,jennifer morrison,frank grillo,kevin dunn,maximiliano hernández,bryan callen
gone with the wind,thomas mitchell,barbara o'neil,vivien leigh,evelyn keyes,ann rutherford,george reeves,fred crane,hattie mcdaniel
tokyo story,chishû ryû,chieko higashiyama,setsuko hara,haruko sugimura,sô yamamura,kuniko miyake,kyôko kagawa,eijirô tôno
on the waterfront,marlon brando,karl malden,lee j. cobb,rod steiger,pat henning,leif erickson,james westerfield,tony galento
my father and my son,eser sariyar,çetin tekindor,fikret kuskan,hümeyra,ege tanman,serif sezer,yetkin dikinciler,binnur kaya
prisoners,hugh jackman,jake gyllenhaal,viola davis,maria bello,terrence howard,melissa leo,paul dano,dylan minnette
wild tales,darío grandinetti,maría marull,mónica villa,diego starosta,marcelo frasca,lucila mangone,maría laura caccamo,carlos alberto vavassori
the grand budapest hotel,ralph fiennes,f. murray abraham,mathieu amalric,adrien brody,willem dafoe,jeff goldblum,harvey keitel,jude law
stalker,alisa freyndlikh,aleksandr kaydanovskiy,anatoliy solonitsyn,nikolay grinko,natalya abramova,faime jurno,e. kostin,raymo rendi
the deer hunter,robert de niro,john cazale,john savage,christopher walken,meryl streep,george dzundza,chuck aspegren,shirley stoler
the general,buster keaton,marion mack,glen cavender,jim farley,frederick vroom,frank barnes,charles henry smith,joe keaton
gran torino,clint eastwood,christopher carley,bee vang,ahney her,brian haley,geraldine hughes,dreama walker,brian howe
persona,haluk bilginer,cansu dere,metin akdülger,sebnem bozoklu,hüseyin avni danyal,necip memili,senay gürler,ayhan kavas
sherlock jr.,buster keaton,kathryn mcguire,joe keaton,erwin connelly,ward crane,jane connelly,george davis,doris deane
before sunrise,ethan hawke,julie delpy,andrea eckert,hanno pöschl,karl bruckschwaiger,tex rubinowitz,erni mangold,dominik castell
catch me if you can,leonardo dicaprio,tom hanks,christopher walken,martin sheen,nathalie baye,amy adams,james brolin,brian howe
mary and max,christopher massey,oliver marks,daisy kocher,daniel marks,hamish hughes,dan doherty,julie forsyth,mandy mao
mr. smith goes to washington,jean arthur,james stewart,claude rains,edward arnold,guy kibbee,thomas mitchell,eugene pallette,beulah bondi
barry lyndon,ryan o'neal,marisa berenson,patrick magee,hardy krüger,steven berkoff,gay hamilton,marie kean,diana körner
in the name of the father,alison crosbie,daniel day-lewis,philip king,emma thompson,nye heron,anthony brophy,frankie mccafferty,paul warriner
hacksaw ridge,andrew garfield,richard pyros,jacob warner,milo gibson,darcy bryce,roman guerriero,james lugton,kasia stelmach
gone girl,ben affleck,rosamund pike,neil patrick harris,tyler perry,carrie coon,kim dickens,patrick fugit,david clennon
room,brie larson,jacob tremblay,sean bridgers,wendy crewson,sandy mcmaster,matt gordon,amanda brugel,joe pingue
the legend of zorro,alberto reyes,julio oscar mechoso,gustavo sánchez parra,adrian alonso,nick chinlund,giovanna zacarías,carlos cobos,antonio banderas
andhadhun,ayushmann khurrana,tabu,radhika apte,anil dhawan,manav vij,ashwini kalsekar,chhaya kadam,zakhir hussain
the passion of joan of arc,maria falconetti,eugene silvain,andré berley,maurice schutz,antonin artaud,michel simon,jean d'yd,louis ravet
dune,timothée chalamet,rebecca ferguson,oscar isaac,jason momoa,stellan skarsgård,stephen mckinley henderson,josh brolin,javier bardem
ford v ferrari,matt damon,christian bale,jon bernthal,caitriona balfe,josh lucas,noah jupe,tracy letts,remo girone
12 years a slave,chiwetel ejiofor,dwight henry,dickie gravois,bryan batt,ashley dyke,kelsey scott,quvenzhané wallis,cameron zeigler
to be or not to be,carole lombard,jack benny,robert stack,felix bressart,lionel atwill,stanley ridges,sig ruman,tom dugan
the big lebowski,jeff bridges,john goodman,julianne moore,steve buscemi,david huddleston,philip seymour hoffman,tara reid,philip moon
dead poets society,robin williams,robert sean leonard,ethan hawke,josh charles,gale hansen,dylan kussman,allelon ruggiero,james waterston
harry potter and the deathly hallows: part 2,ralph fiennes,michael gambon,alan rickman,daniel radcliffe,rupert grint,emma watson,evanna lynch,domhnall gleeson
ben-hur,charlton heston,jack hawkins,haya harareet,stephen boyd,hugh griffith,martha scott,cathy o'donnell,sam jaffe
how to train your dragon,jay baruchel,gerard butler,craig ferguson,america ferrera,jonah hill,christopher mintz-plasse,t.j. miller,kristen wiig
mad max: fury road,tom hardy,charlize theron,nicholas hoult,hugh keays-byrne,josh helman,nathan jones,zoë kravitz,rosie huntington-whiteley
autumn sonata,ingrid bergman,liv ullmann,lena nyman,halvar björk,marianne aminoff,arne bang-hansen,gunnar björnstrand,erland josephson
million dollar baby,clint eastwood,hilary swank,morgan freeman,jay baruchel,mike colter,lucia rijker,brían f. o'byrne,anthony mackie
sorcerer,roy scheider,bruno cremer,francisco rabal,amidou,ramon bieri,peter capell,karl john,friedrich von ledebur
stand by me,wil wheaton,river phoenix,corey feldman,jerry o'connell,kiefer sutherland,casey siemaszko,gary riley,bradley gregg
network,faye dunaway,william holden,peter finch,robert duvall,wesley addy,ned beatty,arthur burghardt,bill burrows
the handmaiden,kim tae-ri,yong-nyeo lee,min-chae yoo,dong-hwi lee,kim hae-sook,kim min-hee,ha jung-woo,kyu-jung lee
logan,hugh jackman,patrick stewart,dafne keen,boyd holbrook,stephen merchant,elizabeth rodriguez,richard e. grant,eriq la salle
gangs of wasseypur,manoj bajpayee,richa chadha,nawazuddin siddiqui,tigmanshu dhulia,jameel khan,piyush mishra,jaideep ahlawat,huma qureshi
la haine,vincent cassel,hubert koundé,saïd taghmaoui,abdel ahmed ghili,solo,joseph momo,héloïse rauth,rywka wajsbrot
a silent voice: the movie,miyu irino,saori hayami,aoi yûki,kenshô ono,yûki kaneko,yui ishikawa,megumi han,toshiyuki toyonaga
cool hand luke,paul newman,george kennedy,j.d. cannon,lou antonio,robert drivas,strother martin,jo van fleet,clifton james
hachi: a dog's tale,richard gere,joan allen,cary-hiroyuki tagawa,sarah roemer,jason alexander,erick avari,davenia mcfadden,robbie sublett
the 400 blows,jean-pierre léaud,claire maurier,albert rémy,guy decomble,georges flamant,patrick auffay,daniel couturier,françois nocher
platoon,keith david,forest whitaker,francesco quinn,kevin dillon,john c. mcginley,reggie johnson,mark moses,corey glover
spotlight,mark ruffalo,michael keaton,rachel mcadams,liev schreiber,john slattery,brian d'arcy james,stanley tucci,elena wohl
"monsters, inc.",john goodman,billy crystal,mary gibbs,steve buscemi,james coburn,jennifer tilly,bob peterson,john ratzenberger
rebecca,lily james,jacques bouanich,marie collins,ann dowd,kristin scott thomas,armie hammer,jean dell,sophie payan
life of brian,graham chapman,john cleese,terry gilliam,eric idle,terry jones,michael palin,terence bayler,carol cleveland
in the mood for love,maggie cheung,tony chiu-wai leung,siu ping-lam,tung cho 'joe' cheung,rebecca pan,kelly lai chen,man-lei chan,kam-wah koo
the bandit,sener sen,ugur yücel,sermin hürmeriç,yesim salkim,kamran usluer,ülkü duru,özkan ugur,necdet mahfi ayral
hotel rwanda,xolani mali,don cheadle,desmond dube,hakeem kae-kazim,tony kgoroge,rosie motene,neil mccarthy,mabutho 'kid' sithole
rush,chris hemsworth,daniel brühl,olivia wilde,alexandra maria lara,pierfrancesco favino,david calder,natalie dormer,stephen mangan
rocky,sylvester stallone,talia shire,burt young,carl weathers,burgess meredith,thayer david,joe spinell,jimmy gambina
amores perros,emilio echevarría,gael garcía bernal,goya toledo,álvaro guerrero,vanessa bauche,jorge salinas,marco pérez,rodrigo murray
demon slayer: mugen train,natsuki hanae,akari kitô,hiro shimono,yoshitsugu matsuoka,satoshi hino,takahiro sakurai,katsuyuki konishi,saori hayami
into the wild,emile hirsch,marcia gay harden,william hurt,jena malone,brian h. dierker,catherine keener,vince vaughn,kristen stewart
nausicaä of the valley of the wind,sumi shimamoto,mahito tsujimura,hisako kyôda,gorô naya,ichirô nagai,kôhei miyauchi,jôji yanami,minoru yada
drishyam,ajay devgn,shriya saran,tabu,rajat kapoor,ishita dutta,mrunal jadhav,prasanna ketkar,yogesh sonam
before sunset,ethan hawke,julie delpy,vernon dobtcheff,louise lemoine torrès,rodolphe pauly,mariane plasteig,diabolo,denis evrard
it happened one night,clark gable,claudette colbert,walter connolly,roscoe karns,jameson thomas,alan hale,arthur hoyt,blanche friderici
miracle in cell no. 7,aras bulut iynemli,nisa sofiya aksongur,deniz baysal,celile toyon uysal,ilker aksum,mesut akusta,yurdaer okur,sarp akkaya
andrei rublev,anatoliy solonitsyn,ivan lapikov,nikolay grinko,nikolay sergeev,irina tarkovskaya,nikolay burlyaev,yuriy nazarov,yuriy nikulin
the battle of algiers,brahim hadjadj,jean martin,yacef saadi,samia kerbash,ugo paletti,fusia el kader,mohamed ben kassen,franco moruzzi
fanny and alexander,kristina adolphson,börje ahlstedt,pernilla allwin,kristian almgren,carl billquist,axel düberg,allan edwall,siv ericks
nights of cabiria,giulietta masina,françois périer,franca marzi,dorian gray,aldo silvani,ennio girolami,mario passante,christian tassou
drishyam 2,mohanlal,meena,ansiba,esther anil,siddique,asha sharath,saikumar,murali gopy
